date,company,position,location,tags,salary_min,salary_max,url
2025-11-30T11:51:22+00:00,Metana,Coding Bootcampï¹£Job Guaranteed,,"No Tech Background Needed, Job or 100% Money Back",40000,120000,https://remoteOK.com/remote-jobs/remote-coding-bootcamp-job-guaranteed-metana-1129072
2025-11-29T00:00:29+00:00,Scale Army Careers,Scale Army Careers Jobs,Remote,,50000,100000,https://remoteOK.com/remote-jobs/remote-scale-army-careers-jobs-scale-army-careers-1129068
2025-11-28T13:00:47+00:00,Tech Innovations Inc.,Software Engineer,San Francisco,"software, react, testing, web, engineer",80000,120000,https://remoteOK.com/remote-jobs/remote-software-engineer-tech-innovations-inc-1129067
2025-11-28T13:00:04+00:00,1inch,Senior Data Engineer,,"defi, crypto, security, support, financial, senior, analytics, engineer, engineering",0,0,https://remoteOK.com/remote-jobs/remote-senior-data-engineer-1inch-1129066
2025-11-28T10:00:02+00:00,InfStones,Growth Marketing Manager,Texas,"growth, manager, web3, node, mobile, management, marketing, analytics, sales, full-time",0,0,https://remoteOK.com/remote-jobs/remote-growth-marketing-manager-infstones-1129065
2025-11-28T08:00:22+00:00,AnsibleHealth Inc.,Data Scientist,New York,"amazon, ansible, support, operational, analytics, health, healthcare, non tech",0,0,https://remoteOK.com/remote-jobs/remote-data-scientist-ansiblehealth-inc-1129064
2025-11-28T07:00:43+00:00,Supra,Production Code Quality Internship,Remote,"code, technical, testing, finance, leader, internship",0,0,https://remoteOK.com/remote-jobs/remote-production-code-quality-internship-supra-1129063
2025-11-27T16:00:21+00:00,Endpoint Clinical,Senior Test Engineer,Remote US,"test, security, technical, support, software, testing, api, management, senior, operational, health, engineer, engineering",0,0,https://remoteOK.com/remote-jobs/remote-senior-test-engineer-endpoint-clinical-1129061
2025-11-27T11:00:19+00:00,Monad Foundation,Graphic Designer Contract to Perm,,"design, ethereum, system, designer, technical, animation, lead, full-time, digital nomad",0,0,https://remoteOK.com/remote-jobs/remote-graphic-designer-contract-to-perm-monad-foundation-1129060
2025-11-27T11:00:13+00:00,Trammell Venture Partners,UX Researcher,Remote,"ux, design, digital nomad",60000,90000,https://remoteOK.com/remote-jobs/remote-ux-researcher-trammell-venture-partners-1129059
2025-11-27T11:00:02+00:00,Immutable,Customer Growth Lead Americas,,"growth, design, web3, ethereum, game, gaming, consulting, support, leader, strategy, lead, health, recruitment, digital nomad",0,0,https://remoteOK.com/remote-jobs/remote-customer-growth-lead-americas-immutable-1129058
2025-11-26T22:00:12+00:00,Ether.fi,Senior Full Stack Software Engineer,New York City,"software, defi, crypto, front-end, technical, code, travel, banking, management, senior, analytics, go, engineer, engineering, backend",160000,200000,https://remoteOK.com/remote-jobs/remote-senior-full-stack-software-engineer-ether-fi-1129056
2025-11-26T13:00:16+00:00,o1Labs,Business Operations Manager,Remote,"manager, web3, cryptocurrency, support, growth, financial, node, lead, operations, operational, analytics",80000,120000,https://remoteOK.com/remote-jobs/remote-business-operations-manager-o1labs-1129051
2025-11-26T06:43:21+00:00,GNO Partners,Senior Amazon Brand Manager,,"marketing, sales",220000,300000,https://remoteOK.com/remote-jobs/remote-senior-amazon-brand-manager-gno-partners-1129050
2025-11-26T01:00:14+00:00,Coinme,Senior Product Manager Payments,Remote,"manager, defi, crypto, cryptocurrency, architect, growth, financial, finance, mobile, lead, senior",0,0,https://remoteOK.com/remote-jobs/remote-senior-product-manager-payments-coinme-1129049
2025-11-26T00:00:24+00:00,Nomi Health,Software Engineer,Remote,"software, system, serverless, medical, healthcare, engineer",0,0,https://remoteOK.com/remote-jobs/remote-software-engineer-nomi-health-1129048
2025-11-25T21:00:03+00:00,Voodoo,Staff Backend Engineer Golang,,"golang, mobile, golang, engineer, backend",0,0,https://remoteOK.com/remote-jobs/remote-staff-backend-engineer-golang-voodoo-1129047
2025-11-25T16:00:14+00:00,Flock Safety,Senior Software Engineer Agentic Assistant,,"software, assistant, design, system, security, full-stack, technical, recruiter, testing, ui, ux, web, cloud, postgresql, typescript, node, api, senior, excel, sales, reliability, health, engineer, engineering, backend, digital nomad",170000,190000,https://remoteOK.com/remote-jobs/remote-senior-software-engineer-agentic-assistant-flock-safety-1129046
2025-11-25T15:00:01+00:00,Egen,Customer Success and Engagement Manager,Remote,"manager, training, consulting, technical, strategist, support, software, growth, financial, cloud, management, lead, legal, health, engineering",0,0,https://remoteOK.com/remote-jobs/remote-customer-success-and-engagement-manager-egen-1129045
2025-11-25T14:00:38+00:00,Alpaca,Staff Engineer Team Lead Market Data,Remote - Europe - North America,"design, crypto, technical, financial, investment, c, api, lead, engineer, digital nomad",0,0,https://remoteOK.com/remote-jobs/remote-staff-engineer-team-lead-market-data-alpaca-1129044
2025-11-25T13:00:07+00:00,Octopus Deploy,Careers,Remote,,60000,120000,https://remoteOK.com/remote-jobs/remote-careers-octopus-deploy-1129043
2025-11-25T11:00:01+00:00,Anchorage Digital,Institutional Sales Representative Wealth &amp; Asset Management,United States,"design, crypto, security, growth, financial, finance, bank, strategy, management, operations, legal, sales, executive, digital nomad",0,0,https://remoteOK.com/remote-jobs/remote-institutional-sales-representative-wealth-amp-asset-management-anchorage-digital-1129042
2025-11-25T08:00:19+00:00,Avalere Health ,Vice President Project Delivery,,"design, training, support, growth, financial, finance, leader, management, senior, operational, marketing, medical, health, healthcare, digital nomad",0,0,https://remoteOK.com/remote-jobs/remote-vice-president-project-delivery-avalere-health-1129041
2025-11-25T07:16:10+00:00,nSoft,Python + AWS DevOps Engineer,,"engineer, technical, backend, devops, python, dev",60000,80000,https://remoteOK.com/remote-jobs/remote-python-aws-devops-engineer-nsoft-1129040
2025-11-24T22:41:41+00:00,Sienna Charles,Operations Manager Role,,"other, ops, exec",70000,150000,https://remoteOK.com/remote-jobs/remote-operations-manager-role-sienna-charles-1129039
2025-11-24T22:25:14+00:00,Sienna Charles,Customer Service Director Role,,"other, ops, exec",70000,150000,https://remoteOK.com/remote-jobs/remote-customer-service-director-role-sienna-charles-1129038
2025-11-24T22:10:01+00:00,Sienna Charles,People Operations Leader,,"other, ops, exec",80000,150000,https://remoteOK.com/remote-jobs/remote-people-operations-leader-sienna-charles-1129037
2025-11-24T19:00:06+00:00,Coursera Sourcing,Current openings,Remote,,60000,120000,https://remoteOK.com/remote-jobs/remote-current-openings-coursera-sourcing-1129035
2025-11-24T16:00:48+00:00,Global Elite Empire,Global Elite Texas Work From Home Client Services Representative,Charleston,part-time,15,25,https://remoteOK.com/remote-jobs/remote-global-elite-texas-work-from-home-client-services-representative-global-elite-empire-1129034
2025-11-24T16:00:34+00:00,Tomo,Senior Software Engineer Back End,US,"software, fintech, senior, engineer, engineering, backend",0,0,https://remoteOK.com/remote-jobs/remote-senior-software-engineer-back-end-tomo-1129033
2025-11-24T12:35:30+00:00,Parseur,Excellent Frontend Developer,,"engineer, senior, design, saas, web dev, front end, dev",70000,120000,https://remoteOK.com/remote-jobs/remote-excellent-frontend-developer-parseur-1129032
2025-11-24T12:00:07+00:00,Tech Innovations Inc.,Software Engineer,San Francisco,"software, testing, javascript, cloud, engineer",80000,120000,https://remoteOK.com/remote-jobs/remote-software-engineer-tech-innovations-inc-1129031
2025-11-24T06:18:59+00:00,Eestimatepro,Work From Home Customer Service Assistant,,"customer support, admin, virtual assistant",170000,200000,https://remoteOK.com/remote-jobs/remote-work-from-home-customer-service-assistant-eestimatepro-1129030
2025-11-24T01:00:12+00:00,Firesprite,Lead Narrative Designer Design Hybrid,United Kingdom,"design, training, game, designer, testing, director, management, lead, digital nomad",0,0,https://remoteOK.com/remote-jobs/remote-lead-narrative-designer-design-hybrid-firesprite-1129027
2025-11-23T08:00:13+00:00,Lifestyle Seed Consulting,Leadership Development Director Independent &amp,,"consulting, director, students, training, support, growth, education, content, marketing",0,0,https://remoteOK.com/remote-jobs/remote-leadership-development-director-independent-amp-lifestyle-seed-consulting-1129024
2025-11-23T00:00:20+00:00,WISEcode,Principal Engineer Asp.Net,United States,"design, embedded, system, front-end, security, teach, full-stack, founder, cto, architect, technical, strategist, developer, growth, ui, cloud, api, leader, strategy, senior, reliability, engineer, engineering, digital nomad",0,0,https://remoteOK.com/remote-jobs/remote-principal-engineer-asp-net-wisecode-1129022
2025-11-22T16:00:13+00:00,Jobgether,Senior Software Engineer Integrations,,"software, design, system, security, technical, support, code, web, lead, senior, junior, healthcare, engineer, engineering, digital nomad",0,0,https://remoteOK.com/remote-jobs/remote-senior-software-engineer-integrations-jobgether-1129020
2025-11-22T11:00:14+00:00,OpenSesame,Software Engineering Internship Summer 2026,Remote,"software, saas, students, content, engineering, internship",0,0,https://remoteOK.com/remote-jobs/remote-software-engineering-internship-summer-2026-opensesame-1129018
2025-11-22T09:00:36+00:00,Circle.so,IT Specialist,Remote,"security, support, finance, operations, non tech",0,0,https://remoteOK.com/remote-jobs/remote-it-specialist-circle-so-1129017
2025-11-22T06:00:01+00:00,HappyCo,DevOps Engineer,Canada,"design, security, developer, devops, cloud, postgresql, mobile, management, operations, reliability, golang, engineer, engineering, recruitment, linux, educational, backend, digital nomad",0,0,https://remoteOK.com/remote-jobs/remote-devops-engineer-happyco-1129015
2025-11-21T14:00:20+00:00,Precision for Medicine,Senior Financial Analyst,"Remote, United States","analyst, cfo, support, director, accountant, financial, finance, senior, operational, executive, non tech",0,0,https://remoteOK.com/remote-jobs/remote-senior-financial-analyst-precision-for-medicine-1129013
2025-11-21T09:00:02+00:00,Netomi,Intern Software Development,Remote - India,"software, design, technical, code, web, java, management, backend, digital nomad",0,0,https://remoteOK.com/remote-jobs/remote-intern-software-development-netomi-1129012
2025-11-21T01:00:01+00:00,Wing Assistant,Web Designer,Columbia,"web, virtual assistant, design, designer, support, testing, growth, ux, assistant, seo, senior, marketing, analytics, sales, digital nomad",0,0,https://remoteOK.com/remote-jobs/remote-web-designer-wing-assistant-1129011
2025-11-20T22:00:17+00:00,cBEYONData,SAP S4 HANA EWM Functional Consultant,Remote,"consultant, architect, support, management, lead",0,0,https://remoteOK.com/remote-jobs/remote-sap-s4-hana-ewm-functional-consultant-cbeyondata-1129010
2025-11-20T17:00:16+00:00,Maven,Senior Product Manager,Remote,"manager, system, education, leader, management, lead, senior, engineer, engineering",0,0,https://remoteOK.com/remote-jobs/remote-senior-product-manager-maven-1129009
2025-11-20T13:00:15+00:00,Circle.so,Finance Data Analyst,Remote,"analyst, growth, financial, finance, strategy, operational, engineering",0,0,https://remoteOK.com/remote-jobs/remote-finance-data-analyst-circle-so-1129008
2025-11-20T09:08:31+00:00,Land Insights,SaaS Growth Marketer,,"marketing, saas, full time, seo, content writing, ads",80000,180000,https://remoteOK.com/remote-jobs/remote-saas-growth-marketer-land-insights-1129007
2025-11-20T00:02:12+00:00,Mercor,Mercor STEM Expert application via RippleMatch,Denver,"technical, reliability",60000,120000,https://remoteOK.com/remote-jobs/remote-mercor-stem-expert-application-via-ripplematch-mercor-1129003
2025-11-20T00:01:36+00:00,Saviynt,Strategic Account Executive,Boston,"saas, security, training, growth, cloud, mobile, leader, management, lead, operational, marketing, sales, executive",0,0,https://remoteOK.com/remote-jobs/remote-strategic-account-executive-saviynt-1129002
2025-11-20T00:01:06+00:00,Cytora,Senior Platform Engineer,,"technical, growth, web, serverless, senior, engineer",0,0,https://remoteOK.com/remote-jobs/remote-senior-platform-engineer-cytora-1129001
2025-11-20T00:00:59+00:00,Weedmaps,Lead Product Designer Hybrid,"Austin, TX","design, ios, designer, mobile, strategy, lead, android, digital nomad",0,0,https://remoteOK.com/remote-jobs/remote-lead-product-designer-hybrid-weedmaps-1129000
2025-11-20T00:00:42+00:00,Comply,Associate Onboarding Manager,United States,"manager, jira, saas, consulting, support, financial, investment, management, lead, operational, sales, non tech",0,0,https://remoteOK.com/remote-jobs/remote-associate-onboarding-manager-comply-1128999
2025-11-20T00:00:35+00:00,Sully.ai,Staff Software Engineer Full Stack & AI Systems,,"software, design, system, frontend, python, full-stack, architect, test, ui, cloud, api, admin, healthcare, engineer, engineering, digital nomad",200000,230000,https://remoteOK.com/remote-jobs/remote-staff-software-engineer-full-stack-ai-systems-sully-ai-1128998
2025-11-20T00:00:28+00:00,Planet,Customer Success Manager II,Europe,"manager, software",0,0,https://remoteOK.com/remote-jobs/remote-customer-success-manager-ii-planet-1128997
2025-11-19T16:00:35+00:00,Acquia,Senior Software Engineer,Pune or Delhi/NCR,"software, system, frontend, back-end, technical, code, analyst, php, angular, api, leader, senior, engineer, engineering, backend",0,0,https://remoteOK.com/remote-jobs/remote-senior-software-engineer-acquia-1128996
2025-11-19T16:00:28+00:00,Skio,Technical Content Writer &amp; Knowledge Specialist,Remote,"training, technical, writer, support, css, content, marketing, analytics, engineering, shopify",0,0,https://remoteOK.com/remote-jobs/remote-technical-content-writer-amp-knowledge-specialist-skio-1128995
2025-11-19T16:00:20+00:00,Warp,Technical Copywriter,Remote within US and Canada,"copywriter, technical, support, software, code, api, content",60000,80000,https://remoteOK.com/remote-jobs/remote-technical-copywriter-warp-1128994
2025-11-19T14:00:22+00:00,Galaxy Digital Services,VP Protocol Engineer,US,"web3, crypto, founder, ceo, support, investment, finance, leader, engineer, engineering",120000,180000,https://remoteOK.com/remote-jobs/remote-vp-protocol-engineer-galaxy-digital-services-1128993
2025-11-19T13:46:18+00:00,PostHog,Product Engineer,,"full stack, dev, engineer, python, rust, javascript, typescript, react, angular, vue, pyton, django, golang",120000,260000,https://remoteOK.com/remote-jobs/remote-product-engineer-posthog-1128992
2025-11-19T13:00:18+00:00,CertiK,Blockchain Security Expert Security Audit Track,US / Remote,"security, web3, support, software, testing, code, sales, engineer, full-time",0,0,https://remoteOK.com/remote-jobs/remote-blockchain-security-expert-security-audit-track-certik-1128991
2025-11-19T13:00:11+00:00,Kalshi,Operations Risk Analyst,New York,"analyst, system, financial, operations, operational, engineering",0,0,https://remoteOK.com/remote-jobs/remote-operations-risk-analyst-kalshi-1128990
2025-11-19T09:00:02+00:00,InfStones,Blockchain Site Reliability Engineer,Texas,"web3, solidity, system, technical, node, management, operational, reliability, engineer, engineering, linux, full-time",0,0,https://remoteOK.com/remote-jobs/remote-blockchain-site-reliability-engineer-infstones-1128989
2025-11-19T08:00:07+00:00,ALX Africa,Current openings,Remote,,0,0,https://remoteOK.com/remote-jobs/remote-current-openings-alx-africa-1128988
2025-11-19T00:00:53+00:00,Grow Therapy,Senior Software Engineer Billing Platform,"New York City, Seattle, San Francisco","software, financial, senior, healthcare, engineer, engineering",100000,150000,https://remoteOK.com/remote-jobs/remote-senior-software-engineer-billing-platform-grow-therapy-1128987
2025-11-19T00:00:34+00:00,Grow Therapy,Senior Software Engineer Client Engagement,"New York City, Seattle, San Francisco","software, frontend, full-stack, support, api, mobile, senior, health, healthcare, engineer, engineering, backend",0,0,https://remoteOK.com/remote-jobs/remote-senior-software-engineer-client-engagement-grow-therapy-1128986
2025-11-19T00:00:15+00:00,Grow Therapy,Enterprise Account Executive,Remote- US,"growth, strategy, sales, health, healthcare, executive",60000,120000,https://remoteOK.com/remote-jobs/remote-enterprise-account-executive-grow-therapy-1128985
2025-11-18T22:22:07+00:00,Contra,Customer Support,,customer support,50000,60000,https://remoteOK.com/remote-jobs/remote-customer-support-contra-1128983
2025-11-18T21:30:48+00:00,AEXGroup,C# .Net developer,,backend,200000,310000,https://remoteOK.com/remote-jobs/remote-c-net-developer-aexgroup-1128982
2025-11-18T16:00:39+00:00,Helius,Full Stack Engineer Developer Portal,,"developer, design, web3, react, system, frontend, security, full-stack, technical, support, code, web, devops, api, lead, senior, engineer, backend, digital nomad",0,0,https://remoteOK.com/remote-jobs/remote-full-stack-engineer-developer-portal-helius-1128980
2025-11-18T16:00:33+00:00,Esri,Data Scientist GeoAI,New Delhi,"developer, software, leader, analytics, digital nomad",0,0,https://remoteOK.com/remote-jobs/remote-data-scientist-geoai-esri-1128979
2025-11-18T16:00:13+00:00,Everwest,Senior Golang Engineer,Not specified,"senior, operational, golang, engineer",0,0,https://remoteOK.com/remote-jobs/remote-senior-golang-engineer-everwest-1128978
2025-11-18T15:00:22+00:00,Galaxy,Vice President Senior Frontend Developer,Mumbai,"frontend, developer, web3, crypto, founder, ceo, investment, finance, leader, senior, digital nomad",0,0,https://remoteOK.com/remote-jobs/remote-vice-president-senior-frontend-developer-galaxy-1128977
2025-11-18T08:00:15+00:00,LiveKit,Customer Success Manager,,"manager, technical, support, developer, sales, digital nomad",150000,240000,https://remoteOK.com/remote-jobs/remote-customer-success-manager-livekit-1128976
2025-11-18T00:00:34+00:00,Darkroom,Full Stack Engineer,New York,"react, technical, software, code, devops, cloud, junior, marketing, engineer, engineering",0,0,https://remoteOK.com/remote-jobs/remote-full-stack-engineer-darkroom-1128975
2025-11-18T00:00:28+00:00,Solera Health,Incident Response Engineer,Remote - USA,"system, front-end, software, growth, node.js, medical, health, engineer, engineering",80000,120000,https://remoteOK.com/remote-jobs/remote-incident-response-engineer-solera-health-1128974
2025-11-17T20:00:01+00:00,Spotify,Data Engineer Revenue Platform,London,"design, system, python, music, technical, support, code, financial, finance, cloud, scala, operations, operational, engineer, engineering, recruitment, backend, digital nomad",0,0,https://remoteOK.com/remote-jobs/remote-data-engineer-revenue-platform-spotify-1128972
2025-11-17T19:00:01+00:00,XKTalent Inc. - Rimutee,FRONTEND ANGULAR SYMFONY,,"frontend, web, javascript, php, git, angular",0,0,https://remoteOK.com/remote-jobs/remote-frontend-angular-symfony-xktalent-inc-rimutee-1128971
2025-11-17T17:38:11+00:00,EverAI,Senior Performance Marketer,,marketing,60000,100000,https://remoteOK.com/remote-jobs/remote-senior-performance-marketer-everai-1128970
2025-11-17T17:00:13+00:00,ALX Africa,Program Delivery Intern,Remote,"students, training, support, software",0,0,https://remoteOK.com/remote-jobs/remote-program-delivery-intern-alx-africa-1128969
2025-11-17T16:00:38+00:00,ALX Africa,Program Delivery Intern,Remote,"students, training, support, software",0,0,https://remoteOK.com/remote-jobs/remote-program-delivery-intern-alx-africa-1128968
2025-11-17T12:00:12+00:00,Stacklok,Software Engineer II Golang,Remote: Europe,"software, system, frontend, management, golang, engineer, backend",0,0,https://remoteOK.com/remote-jobs/remote-software-engineer-ii-golang-stacklok-1128967
2025-11-17T12:00:01+00:00,CYZA,Backend Go Engineer Build The Next Generation Of Global Saas & Marketplace Commerce,,"golang, saas, go, engineer, backend, e-commerce",0,0,https://remoteOK.com/remote-jobs/remote-backend-go-engineer-build-the-next-generation-of-global-saas-marketplace-commerce-cyza-1128966
2025-11-17T10:00:12+00:00,Ava Labs,Senior Technical Product Manager AvaCloud,"Brooklyn, NY","manager, design, web3, technical, growth, senior, marketing, digital nomad",0,0,https://remoteOK.com/remote-jobs/remote-senior-technical-product-manager-avacloud-ava-labs-1128965
2025-11-17T09:00:02+00:00,bloXroute Labs,Software Engineering Team Lead,Remote,"software, ethereum, support, testing, code, lead, go, engineering, backend",0,0,https://remoteOK.com/remote-jobs/remote-software-engineering-team-lead-bloxroute-labs-1128964
2025-11-16T13:00:01+00:00,Netomi,Intern Software Development,Remote - India,"software, design, technical, code, web, java, management, backend, digital nomad",0,0,https://remoteOK.com/remote-jobs/remote-intern-software-development-netomi-1128963
2025-11-15T19:00:08+00:00,Tech Solutions Inc.,Software Engineer,San Francisco,"software, react, testing, web, css, angular, engineer",80000,120000,https://remoteOK.com/remote-jobs/remote-software-engineer-tech-solutions-inc-1128962
2025-11-15T09:00:21+00:00,Nansen.ai,Senior Product Designer,"Remote Europe, Remote Asia","design, crypto, system, designer, testing, senior, analytics, digital nomad",0,0,https://remoteOK.com/remote-jobs/remote-senior-product-designer-nansen-ai-1128960
2025-11-14T20:00:15+00:00,Circle.so,Senior Full Stack Software Engineer Design Systems,Remote,"design, software, full-stack, senior, operations, engineer, digital nomad",0,0,https://remoteOK.com/remote-jobs/remote-senior-full-stack-software-engineer-design-systems-circle-so-1128955
2025-11-14T17:00:20+00:00,Reflective,External Affairs Lead,San Francisco,"ceo, support, strategy, lead, engineering",80000,120000,https://remoteOK.com/remote-jobs/remote-external-affairs-lead-reflective-1128954
2025-11-14T16:00:06+00:00,Jito Labs,Job openings,Remote,,60000,120000,https://remoteOK.com/remote-jobs/remote-job-openings-jito-labs-1128952
2025-11-14T14:00:38+00:00,Alpaca,Staff Software Engineer Core Trading,Remote - APAC,"software, design, crypto, system, technical, code, financial, investment, c, api, lead, engineer, digital nomad",0,0,https://remoteOK.com/remote-jobs/remote-staff-software-engineer-core-trading-alpaca-1128951
2025-11-14T09:00:02+00:00,"Manta Network, Powered by p0x labs",Frontend Engineer,Any,"frontend, design, web3, react, ui, web, engineer, digital nomad",0,0,https://remoteOK.com/remote-jobs/remote-frontend-engineer-manta-network-powered-by-p0x-labs-1128950
2025-11-14T08:00:18+00:00,Weekday AI,DevOps Engineer Weekday AI,India,"devops, engineer",1200000,1800000,https://remoteOK.com/remote-jobs/remote-devops-engineer-weekday-ai-weekday-ai-1128949
2025-11-14T08:00:02+00:00,CompassX Group,Full Stack Software Engineer,Remote  - CST Timezone,"software, design, react, frontend, full-stack, architect, technical, support, growth, code, lead, junior, engineer, backend, digital nomad",0,0,https://remoteOK.com/remote-jobs/remote-full-stack-software-engineer-compassx-group-1128948
2025-11-13T15:00:02+00:00,Tether Operations Limited,Technical Project Manager,,"manager, design, bitcoin, system, security, technical, support, software, testing, test, growth, code, devops, financial, fintech, api, leader, management, lead, ops, recruitment, digital nomad",0,0,https://remoteOK.com/remote-jobs/remote-technical-project-manager-tether-operations-limited-1128945
2025-11-13T14:45:25+00:00,Lemon.io,Senior Full stack Developer,,"engineer, senior, full time, full stack, python, javascript, react, node, typescript, aws, pyton, django, ai, dev",70000,210000,https://remoteOK.com/remote-jobs/remote-senior-full-stack-developer-lemon-io-1128943
2025-11-12T16:00:17+00:00,Jobgether,Freelance Project Manager Medical Communications,,"manager, training, growth, financial, microsoft, management, lead, content, healthcare",0,0,https://remoteOK.com/remote-jobs/remote-freelance-project-manager-medical-communications-jobgether-1128941
2025-11-12T15:01:10+00:00,Hook,Senior Motion Designer,Remote,"design, 3d, training, designer, technical, growth, video, animation, post-production, lead, content, senior, junior, digital nomad",60000,90000,https://remoteOK.com/remote-jobs/remote-senior-motion-designer-hook-1128940
2025-11-12T14:00:12+00:00,Uniswap Labs,Senior Release Engineer,New York,"design, defi, crypto, ethereum, architect, technical, testing, web, mobile, senior, health, engineer, engineering, digital nomad",100000,150000,https://remoteOK.com/remote-jobs/remote-senior-release-engineer-uniswap-labs-1128939
2025-11-12T13:00:16+00:00,Blockchain.com,Data Analyst,Paris,"analyst, crypto, technical, support, software, financial, operations, marketing",60000,90000,https://remoteOK.com/remote-jobs/remote-data-analyst-blockchain-com-1128938
